HS4,HS2,Description
0101,01,HORSES
0102,01,CATTLE
0103,01,SWINE
0104,01,SHEEP
0105,01,CHICKENS
0106,01,PRIMATES
0201,02,CARCASSES AND HALF-CARCASSES OF VEAL
0202,02,CARCASSES AND HALF-CARCASSES OF VEAL
0203,02,CARCASSES AND HALF-CARCASSES OF SWINE
0204,02,CARCASSES AND HALF-CARCASSES OF LAMB
0205,02,MEAT OF HORSES
0206,02,OFFAL OF BOVINES
0207,02,CHICKENS
0208,02,MEAT AND EDIBLE OFFAL OF RABBITS OR HARES
0209,02,PIG FAT
0210,02,HAMS AND CUTS THEREOF
0301,03,KOI (COMMON) CARP (CYPRINUS CARPIO)
0302,03,RAINBOW TROUT (SALMO GAIRDNERI)
0303,03,SOCKEYE (RED) SALMON (ONCORHYNCHUS NERKA)
0304,03,TILAPIA (OREOCHROMIS) FILLETS
0305,03,STURGEON ROE
0306,03,CARIBBEAN SPINY LOBSTER (PANULIRUS ARGUS)
0307,03,SEED OYSTERS
0308,03,SEA CUCUMBERS
0309,03,FLOURS
0401,04,MILK AND CREAM
0402,04,MILK AND CREAM IN POWDER GRANULES/OTHER SOLID FORMS FAT CONTENT BY WEIGHT NOT EXCEEDING 1.5% WHETHER/NOT SWEETENED
0403,04,YOGURT
0404,04,WHEY PROTEIN CONCENTRATES
0405,04,BUTTER
0406,04,CHONGOS
0407,04,FERTILIZED EGGS FOR INCUBATION OF FOWLS OF THE SPECIES GALLUS DOMESTICUS (CHICKEN)
0408,04,EGG YOLKS
0409,04,COMB HONEY AND HONEY PACKAGED FOR RETAIL SALE
0410,04,EDIBLE INSECTS
0501,05,HUMAN HAIR
0502,05,PIGS'
0504,05,HOG GUTS
0505,05,FEATHERS OF A KIND USED FOR STUFFING
0506,05,OSSEIN AND BONES TREATED WITH ACID
0507,05,IVORY
0508,05,CORAL & SIMILAR MATERIALS
0510,05,AMBERGRIS
0511,05,BOVINE SEMEN
0601,06,TULIP BULBS
0602,06,UNROOTED CUTTINGS AND SLIPS OF PLANTS
0603,06,SPRAY ROSES
0604,06,FOLIAGE
0701,07,POTATOES
0702,07,GRAPE GREENHOUSE TOMATOES
0703,07,PEARL ONIONS NOT OVER 16 MM IN DIAMETER
0704,07,BRUSSELS SPROUTS
0705,07,WITLOOF CHICORY (CICHORIUM INTYBUS VAR. FOLIOSUM)
0706,07,TURNIPS
0707,07,GHERKINS
0708,07,LIMA BEANS
0709,07,ASPARAGUS
0710,07,POTATOES
0711,07,OLIVES
0712,07,ONION POWDER OR FLOUR
0713,07,PEAS (PISUM SATIVUM)
0714,07,CASSAVA (MANIOC) FROZEN
0801,08,COCONUTS
0802,08,ALMONDS
0803,08,PLANTAINS
0804,08,DATES
0805,08,ORANGES
0806,08,GRAPES
0807,08,CANTALOUPES
0808,08,APPLES
0809,08,APRICOTS
0810,08,STRAWBERRIES
0811,08,STRAWBERRIES
0812,08,CHERRIES
0813,08,APRICOTS
0814,08,PEEL OF CITRUS FRUIT
0901,09,COFFEE
0902,09,GREEN TEA (NOT FERMENTED)
0903,09,MATE
0904,09,PEPPER OF THE GENUS PIPER
0905,09,VANILLA
0906,09,CINNAMON
0907,09,CLOVES (WHOLE FRUIT
0908,09,NUTMEG
0909,09,SEEDS OF CORIANDER NEITHER CRUSHED NOR GROUND
0910,09,CERTIFIED ORGANIC GINGER
1001,10,DURUM WHEAT SEED
1002,10,RYE SEEDS OF A KIND FOR SOWING
1003,10,BARLEY SEED
1004,10,OATS
1005,10,YELLOW CORN (MAIZE)
1006,10,RICE IN THE HUSK (PADDY OR ROUGH)
1007,10,GRAIN SORGHUM SEEDS OF A KIND USED FOR SOWING
1008,10,BUCKWHEAT
1101,11,HARD SPRING WHEAT FLOUR
1102,11,CORN (MAIZE) FLOUR
1103,11,GROATS AND MEAL OF WHEAT
1104,11,GRAINS
1105,11,FLOUR
1106,11,FLOUR
1107,11,MALT
1108,11,WHEAT STARCH FOR FOOD USE
1109,11,WHEAT GLUTEN TO BE USED AS ANIMAL FEED
1201,12,SOYBEAN SEEDS OF A KIND USED FOR SOWING
1202,12,PEANUT SEEDS (GROUND-NUTS)
1203,12,COPRA
1204,12,FLAXSEED (LINSEED) FOR SOWING
1205,12,RAPE OR COLZA SEEDS FOR SOWING
1206,12,SUNFLOWER SEEDS
1207,12,PALM NUTS AND KERNELS
1208,12,FLOURS AND MEALS OF SOYBEANS
1209,12,SUGAR BEET SEED OF A KIND USED FOR SOWING
1210,12,HOP CONES
1211,12,GINSENG ROOTS
1212,12,SEAWEEDS AND OTHER ALGAE
1213,12,CEREAL STRAW AND HUSKS
1214,12,ALFALFA (LUCERNE) CUBES
1301,13,GUM ARABIC
1302,13,VEGETABLE SAPS AND EXTRACTS
1401,14,BAMBOO
1404,14,COTTON LINTERS
1501,15,LARD
1502,15,TALLOW
1503,15,LARD STEARIN
1504,15,COD LIVER OIL AND ITS FRACTIONS
1505,15,WOOL GREASE
1506,15,ANIMAL FATS AND OILS AND THEIR FRACTIONS
1507,15,SOYBEAN OIL AND ITS FRACTIONS
1508,15,PEANUT (GROUND-NUT) OIL AND ITS FRACTIONS
1509,15,CERTIFIED ORGANIC OLIVE OIL AND ITS FRACTIONS
1510,15,CRUDE OLIVE POMACE OIL
1511,15,PALM OIL AND ITS FRACTIONS
1512,15,SUNFLOWER-SEED OIL AND FRACTIONS THEREOF
1513,15,COCONUT (COPRA) OIL AND ITS FRACTIONS
1514,15,RAPESEED OR COLZA OIL AND ITS FRACTIONS
1515,15,LINSEED OIL AND ITS FRACTIONS
1516,15,ANIMAL FATS AND OILS AND THEIR FRACTIONS
1517,15,MARGARINE
1518,15,INEDIBLE MIXTURES OR PREPARATIONS OF LINSEED OR FLAXSEED OIL
1520,15,GLYCEROL (GLYCERINE)
1521,15,VEGETABLE WAXES
1522,15,DEGRAS; RESIDUES RESULTING FROM THE TREATMENT OF FATTY SUBSTANCES OR ANIMAL OR VEGETABLE WAXES
1601,16,PORK SAUSAGES AND SIMILAR PRODUCTS
1602,16,OTHER PREPARED OR PRESERVED MEAL
1603,16,CLAM JUICE
1604,16,PINK (HUMPIE) SALMON
1605,16,CRAB PRODUCTS CONTAINING FISH MEAT; PREPARED MEALS; IN AIRTIGHT CONTAINERS
1701,17,BEET SUGAR
1702,17,LACTOSE AND LACTOSE SYRUP
1703,17,CANE MOLASSES IMPORTED FOR THE COMMERCIAL EXTRACTION OF SUGAR OR HUMAN CONSUMPTION
1704,17,CHEWING GUM
1801,18,COCOA BEANS
1802,18,COCOA SHELLS
1803,18,COCOA PASTE
1804,18,COCOA BUTTER
1805,18,COCOA POWDER
1806,18,DESCRIBED IN GENERAL NOTE 15 OF THE TARIFF SCHEDULE AND ENTERED PURSUANT TO IT PROVISIONS: COCOA POWDER
1901,19,PREPARATIONS FOR INFANT USE
1902,19,PASTA
1903,19,TAPIOCA AND SUBSTITUTES PREPARED FROM ARROWROOT
1904,19,PREPARED FOODS OBTAINED BY THE SWELLING OR ROASTING OF CEREALS OR CEREAL PRODUCTS
1905,19,CRISPBREAD
2001,20,CUCUMBERS INCLUDING GHERKINS
2002,20,TOMATOES
2003,20,MUSHROOMS (EXCEPT STRAW) WHOLE
2004,20,YELLOW POTATOES (SOLANO) EXCEPT FRENCH FRIES
2005,20,POTATO CHIPS
2006,20,CHERRIES
2007,20,CITRUS FRUIT PASTES AND PUREES
2008,20,PEANUT BUTTER AND PASTE
2009,20,ORANGE JUICE
2101,21,INSTANT COFFEE
2102,21,YEASTS
2103,21,SOY SAUCE
2104,21,SOUPS
2105,21,ICE CREAM
2106,21,FOOD PREPS
2201,22,MINERAL WATERS AND AERATED WATERS
2202,22,CARBONATED SOFT DRINKS
2203,22,BEER MADE FROM MALT IN GLASS CONTAINERS NOT OVER 4 LITERS EACH
2204,22,SPARKLING WINE OF FRESH GRAPES VALUED NOT OVER $1.59/LITER
2205,22,VERMOUTH
2206,22,CIDER
2207,22,ETHYL ALCOHOL
2208,22,PISCO AND SINGANI
2301,23,FLOURS
2302,23,BRAN
2303,23,CORN GLUTEN FEED
2304,23,SOYBEAN OILCAKE & OTHER SOLID RESIDUES RESULTING FROM THE EXTRACTION OF SOYBEAN OIL
2305,23,PEANUT (GROUND-NUT) OILCAKE AND OTHER SOLID RESIDUES RESULTING FROM THE EXTRACTION OF PEANUT (GROUND-NUT) OIL
2306,23,COTTON SEED OILCAKE AND OTHER SOLID RESIDUES RESULTING FROM THE EXTRACTION OF COTTON SEED OIL
2307,23,WINE LEES; ARGOL
2308,23,ACORNS AND HORSE-CHESTNUTS OF A KIND USED IN ANIMAL FEED
2309,23,DOG AND CAT FOOD
2401,24,CONNECTICUT SHADE TOBACCO
2402,24,SMALL CIGARS
2403,24,WATER PIPE TOBACCO
2404,24,PRODUCTS CONTAINING TOBACCO OR RECONSTITUTED TOBACCO
2501,25,SALT INC TABLE & DENATURED & PURE SODIUM CHLORIDE
2502,25,UNROASTED IRON PYRITES
2503,25,CRUDE OR UNREFINED SULFUR
2504,25,NATURAL GRAPHITE CRYSTALLINE FLAKE EXECPT FLAKE DUST
2505,25,SILICA SANDS & QUARTZ SANDS
2506,25,QUARTZ SANDS
2507,25,KAOLIN AND OTHER KAOLINIC CLAYS
2508,25,BENTONITE
2509,25,CHALK
2510,25,NATURAL CALCIUM PHOSPHATES
2511,25,NATURAL BARIUM SULFATE (BARYTES) GROUND
2512,25,SILICEOUS FOSSIL MEALS (SUCH AS KIESELGUHR
2513,25,PUMICE
2514,25,SLATE
2515,25,MARBLE AND TRAVERTINE
2516,25,GRANITE
2517,25,PEBBLES & GRAVEL
2518,25,DOLOMITE NOT CALCINED OR SINTERED
2519,25,NATURAL MAGNESIUM CARBONATE (MAGNESITE)
2520,25,GYPSUM; ANHYDRITE
2521,25,LIMESTONE FLUX; LIMESTONE AND OTHER CALCAREOUS STONE
2522,25,QUICKLIME
2523,25,CEMENT CLINKERS
2524,25,CROCIDOLITE (BLUE)
2525,25,SPLIT BLOCK MICA
2526,25,NATURAL STEATITE
2528,25,NATURAL SODIUM BORATES AND CONCENTRATES THEREOF (WHETHER OR NOT CALCINED)
2529,25,FELDSPAR
2530,25,VERMICULITE
2601,26,IRON ORE NONAGGLOMERATED CONCENTRATES
2602,26,MANGANESE ORES AND CONCENTRATES WITH A MANGANESE CONTENT OF 20 PERCENT OR MORE
2603,26,COPPER ORES AND CONCENTRATES
2604,26,NICKEL ORES AND CONCENTRATES
2605,26,COBALT ORES AND CONCENTRATES
2606,26,BAUXITE
2607,26,LEAD ORES AND CONCENTRATES
2608,26,ZINC ORES AND CONCENTRATES
2609,26,TIN ORES AND CONCENTRATES
2610,26,CHROMIUM ORES AND CONCENTRATES HAVING A CHROMIUM CONTENT EQUIVALENT TO NOT MORE THAN 40 PERCENT CHROMIC OXIDE
2611,26,TUNGSTEN ORES
2612,26,URANIUM ORES AND CONCENTRATES
2613,26,MOLYBDENUM ORES AND CONCENTRATES ROASTED
2614,26,SYNTHETIC RUTILE
2615,26,ZIRCONIUM ORES AND CONCENTRATES
2616,26,SILVER ORES AND CONCENTRATES
2617,26,ANTIMONY ORES AND CONCENTRATES
2618,26,GRANULATED SLAG (SLAG SAND) FROM THE MANUFACTURE OF IRON OR STEEL
2619,26,FERROUS SCALE
2620,26,HARD ZINC SPELTER
2621,26,ASH AND RESIDUES FROM THE INCINERATION OF MUNICIPAL WASTE
2701,27,ANTHRACITE COAL
2702,27,LIGNITE
2703,27,PEAT (INCLUDING PEAT LITTER) WHETHER OR NOT AGGLOMERATED
2704,27,COKE/SEMICOKE OF LIGNITE OR PEAT; RETORT CARBON
2705,27,COAL GAS
2706,27,TAR DISTILLED FROM COAL
2707,27,BENZENE
2708,27,PITCH FROM COAL AND OTHER MINERAL TARS
2709,27,PETROLEUM OILS AND OILS OBTAINED FROM BITUMINOUS MINERALS
2710,27,LEADED GASOLINE
2711,27,NATURAL GAS
2712,27,PETROLEUM JELLY
2713,27,PETROLEUM COKE
2714,27,BITUMINOUS OR OIL SHALE AND TAR SANDS
2715,27,BITUMINOUS MIXTURES BASED ON NATURAL ASPHALT
2801,28,CHLORINE
2802,28,SULFUR
2803,28,CARBON BLACK
2804,28,HYDROGEN
2805,28,SODIUM
2806,28,HYDROGEN CHLORIDE (HYDROCHLORIC ACID)
2807,28,SULFURIC ACID AND OLEUM
2808,28,NITRIC ACID
2809,28,DIPHOSPHORUS PENTAOXIDE
2810,28,OXIDES OF BORON AND BORIC ACID
2811,28,HYDROGEN FLUORIDE (HYDROFLUORIC ACID)
2812,28,CARBONYL DICHLORIDE (PHOSGENE)
2813,28,CARBON DISULFIDE
2814,28,ANHYDROUS AMMONIA
2815,28,SOLID SODIUM HYDROXIDE (CAUSTIC SODA)
2816,28,MAGNESIUM HYDROXIDE AND MAGNESIUM PEROXIDE
2817,28,ZINC OXIDE AND ZINC PEROXIDE
2818,28,CRUDE ARTIFICIAL CORUNDUM
2819,28,CHROMIUM TRIOXIDE
2820,28,MANGANESE DIOXIDE
2821,28,BLACK SYNTHETIC PIGMENTS OF IRON OXIDES AND HYDROXIDES
2822,28,COBALT OXIDES AND HYDROXIDES; COMMERCIAL COBALT OXIDES
2823,28,TITANIUM OXIDES
2824,28,LEAD MONOXIDE (LITHARGE
2825,28,HYDRAZINE AND HYDROXYLAMINE AND THEIR INORGANIC SALTS
2826,28,FLUORIDES OF ALUMINUM
2827,28,AMMONIUM CHLORIDE
2828,28,COMMERCIAL CALCIUM HYPOCHLORITE AND OTHER CALCIUM HYPOCHLORITES
2829,28,SODIUM CHLORATE
2830,28,SODIUM SULFIDES
2831,28,SODIUM FORMALDEHYDE SULFOXYLATE
2832,28,SODIUM SULFITES
2833,28,SALT CAKE OF DISODIUM SULFATE
2834,28,SODIUM NITRITES
2835,28,PHOSPHINATES (HYPOPHOSPHITES) AND PHOSPHONATES (PHOSPHITES)
2836,28,DISODIUM CARBONATE
2837,28,CYANIDES AND CYANIDE OXIDES OF SODIUM
2839,28,SODIUM METASILICATES
2840,28,ANHYDROUS DISODIUM TETRABORATE (REFINED BORAX)
2841,28,SODIUM DICHROMATE
2842,28,DOUBLE OR COMPLEX SILICATES
2843,28,COLLOIDAL PRECIOUS METALS
2844,28,URANIUM METAL
2845,28,HEAVY WATER (DEUTERIUM OXIDE)
2846,28,CERIUM OXIDES
2847,28,HYDROGEN PEROXIDE
2849,28,CARBIDES
2850,28,HYDRIDES
2852,28,MURCURIC OXIDE
2853,28,CYANOGEN CHLORIDE (CHLOROCYAN)
2901,29,SATURATED ACYCLIC HYDROCARBONS; n-PENTANE AND ISOPENTANE
2902,29,CYCLOHEXANE
2903,29,CHLOROMETHANE (METHYL CHLORIDE)
2904,29,2-ANTHRACENESULFONIC ACID
2905,29,METHANOL (METHYL ALCOHOL) IMPORTED ONLY FOR USE IN PRODUCING SYNTHETIC NATURAL GAS (SNG) OR FOR DIRECT USE AS A FUEL
2906,29,MENTHOL
2907,29,PHENOL (HYDROXYBENZENE) AND ITS SALTS
2908,29,PENTACHLOROPHENOL (ISO)
2909,29,DIETHYL ETHER
2910,29,OXIRANE (ETHYLENE OXIDE)
2911,29,1
2912,29,METHANAL (FORMALDEHYDE)
2913,29,4--FLUORO-3-PHENOXYBENZALDEHYDE
2914,29,ACETONE DERIVED IN WHOLE OR IN PART FROM CUMENE
2915,29,FORMIC ACID
2916,29,ACRYLIC ACID AND ITS SALTS
2917,29,OXALIC ACID
2918,29,LACTIC ACID
2919,29,TRIS (2
2920,29,PARATHION (ISO) AND PARATHION-METHYL (ISO) (METHYL-PARATHION)
2921,29,METHYLAMINE
2922,29,MONOETHANOLAMINE AND ITS SALTS
2923,29,CHOLINE AND ITS SALTS
2924,29,MEPROBAMATE (INN)
2925,29,SACCHARIN AND ITS SALTS
2926,29,ACRYLONITRILE
2927,29,4-AMINOAZOBENENE DISULFONIC ACID
2928,29,METHYL ETHYL KETOXIME
2929,29,TOLUENEDIISOCYANATES (UNMIXED)
2930,29,2-(N
2931,29,TETRAMETHYL LEAD AND TETRAETHYL LEAD
2932,29,TETRAHYDROFURAN
2933,29,PHENAZONE (ANTIPYRINE) AND ITS DERIVATIVES
2934,29,AROMATIC OR MODIFIED AROMATIC PRODUCTS DESCRIBED IN U.S. NOTE 3 TO SECTION 6 CONTAINING AN UNFUSED THIAZOLE RING(WHETHER OR NOT HYDROGENAT)
2935,29,N-METHYL PERFLUOROOCTANE SULFONAMIDE
2936,29,VITAMINS A AND THEIR DERIVATIVES UNMIXED
2937,29,SOMATOTROPIN
2938,29,RUTOSIDE (RUTIN) AND ITS DERIVATIVES)
2939,29,CONCENTRATES OF POPPY STRAW; BUPRENORPHINE (INN) CODEINE
2940,29,D-ARABINOSE
2941,29,AMPICILLIN AND ITS SALTS
2942,29,[2
3001,30,EXTRACTS OF GLANDS OR OTHER ORGANS OR OF THEIR SECRETIONS
3002,30,HUMAN BLOOD PLASMA
3003,30,MEDICAMENTS (EXCLUD GOODS OF 3002
3004,30,MEDICAMENTS CONTAINING PENICILLIN G SALTS FOR VETRINARY USE
3005,30,ADHESIVE DRESSINGS COATED OR IMPREGNATED WITH PHARMACEUTICAL SUBSTANCES
3006,30,STERILE SURGICAL CATGUT
3101,31,ANIMAL/VEG FERTILIZERS
3102,31,SOLID UREA
3103,31,SUPERPHOSPHATES CONTAINING BY WEIGHT 35% OR MORE OF PHOSPHORUS PENTOXIDE P205
3104,31,POTASSIUM CHLORIDE CONTAINING NOT MORE THAN 62% BY WEIGHT OF POTASSIUM OXIDE
3105,31,PRODUCTS OF CHAPTER 31 IN TABLETS OR SIMILAR FORMS OR IN PACKAGES OF A GROSS WEIGHT NOT EXCEEDING 10 KG
3201,32,QUEBRACHO EXTRACT
3202,32,SYNTHETIC ORGANIC TANNING SUBSTANCES
3203,32,ANNATO
3204,32,DISPERSE DYES AND PREPARATIONS BASED THERON
3205,32,CARMINE FOOD COLORING SOLUTIONS
3206,32,PIGMENTS AND PREPARATIONS BASED ON TITANIUM DIOXIDE: CONTAINING 80 PERCENT OR MORE BY WEIGHT OF TITANIUM DIOXIDE CALCULATED ON THE DRY MATTER
3207,32,PREPARED PIGMENTS
3208,32,PAINTS AND VARNISHES(INCL ENAMELS & LACQUERS)BASED ON SYNTHETIC POLYMERS
3209,32,PAINTS AND VARNISHES(INCL ENAMELS & LACQUERS)BASED ON SYNTHETIC POLYMERS
3210,32,OTHER PAINTS AND VARNISHES (INCL ENAMELS
3211,32,PREPARED DRIERS
3212,32,STAMPING FOILS
3213,32,ARTISTS' STUDENTS' OR SIGNBOARD PAINTERS COLORS
3214,32,CAULKING COMPOUNDS
3215,32,PRINTING INK
3301,33,ESSENTIAL CITRUS FRUIT OILS OF ORANGE
3302,33,MIXTURES OF ODORIFEROUS SUBSTANCES USED IN THE FOOD OR DRINK INDUSTRIES NOT CONTAINING ALCOHOL
3303,33,FLORAL OR FLOWER WATERS NOT CONTAINING ALCOHOL
3304,33,LIP MAKE-UP PREPARATIONS
3305,33,SHAMPOOS
3306,33,DENTIFRICES
3307,33,PRE-SHAVE
3401,34,CASTILE SOAP
3402,34,LINEAR ALKYLBENZENE SULFONIC ACIDS AND THEIR SALTS; AROMATIC OR MODIFIED AROMATIC
3403,34,PREPARATIONS FOR THE TREATMENT OF TEXTILE MATERIALS
3404,34,ARTIFICIAL WAXES AND PREPARED WAXES
3405,34,POLISHES
3406,34,CANDLES
3407,34,MODELING PASTES
3501,35,MILK PROTEIN CONCENTRATE
3502,35,EGG ALBUMIN
3503,35,FISH GLUE
3504,35,PEPTONES AND THEIR DERIVATIVES; OTHER PROTEIN SUBSTANCES AND THEIR DERIVATIVES AND HIDE POWDER
3505,35,DEXTRINS
3506,35,ANIMAL GLUE
3507,35,RENNET AND CONCENTRATES THEREOF
3601,36,PROPELLANT POWDERS
3602,36,DYNAMITE
3603,36,SAFETY FUSES
3604,36,CLASS 1.3G FIREWORKS
3605,36,MATCHES WITH NATURAL WOOD STEMS
3606,36,LIQUID OR LIQUEFIED-GAS FUELS IN CONTAINERS OF A KIND USED FOR FILLING OR REFILLING CIGARETTE/SIMILAR LIGHTERS AND OF A CAPACITY NOT EXCEEDING 300 CM3
3701,37,XRAY FILM FOR MEDICAL
3702,37,X-RAY FILM IN ROLLS FOR MEDICAL
3703,37,SILVER HALIDE PAPERS FOR PICTORIAL USE
3704,37,PHOTOGRAPHIC PLATES
3705,37,PHOTOGRAPHIC  PLATES AND FILM
3706,37,SOUND RECORDING ON MOTION-PICTURE FILM SUITABLE FOR USE IN CONNECTION WITH MOTION-PICTURE EXHIBITS OF A WIDTH OF 35 MM OR MORE
3707,37,SENSITIZING EMULSIONS
3801,38,ARTIFICIAL GRAPHITE PLATES
3802,38,ACTIVATED CARBON DERIVED FROM COAL
3803,38,TALL OIL
3804,38,LIGNIN SULFONIC ACID AND ITS SALTS
3805,38,GUM
3806,38,GUM ROSIN
3807,38,WOOD TAR
3808,38,DDT (ISO) (CLOFENATONE (INN))
3809,38,FINISHING AGENTS AND DYE CARRIERS WITH A BASIS OF AMYLACEOUS SUBSTANCES
3810,38,PICKLING PREPARATION FOR METAL SURFACES
3811,38,ANTIKNOCK PREPARATIONS BASED ON TETRAETHYL LEAD OR ON A MIXTURE OF TETRAETHYL LEAD AND TETRAMETHYL LEAD
3812,38,PREPARED RUBBER ACCELERATORS CONTAINING ANY AROMATIC OR MODIFIED AROMATIC RUBBER ACCELERATORS
3813,38,PREPARATION & CHARGES FOR FIRE EXTINGUISHERS AND CHARGED FIRE-EXTINGUISHING GRENADES CONSISTING WHOLLY OF INORGANIC SUBSTANCES
3814,38,ORGANIC COMPOSITE SOLVENTS & THINNERS
3815,38,SUPPORTED CATALYSTS: WITH NICKEL OR NICKEL COMPOUNDS AS THE ACTIVE SUBSTANCE
3816,38,DOLOMITE RAMMING MIX
3817,38,MIXED LINEAR ALKYLBENZENES
3818,38,GALLIUM ARSENIDE WAFERS
3819,38,HYDRAULIC BRAKE FLUIDS
3820,38,ANTIFREEZING PREPARATION AND PREPARED DEICING FLUIDS
3821,38,VIRAL TRANSPORT MEDIA
3822,38,MALARIA DIAGNOSTIC TEST KITS
3823,38,STEARIC ACID
3824,38,PREPARED BINDERS FOR FOUNDRY MOLDS OR CORES
3825,38,MUNICIPAL WASTE
3826,38,BIODIESEL NOT CONTAINING PETROLEUM OILS OR OILS OBTAINED FROM BITUMINOUS MINERALS (B100)
3827,38,MIXTURES CONTAINING CHLOROFLUOROCARBONS (CFCS)
3901,39,POLYETHYLENE HAVING A SPECIFIC GRAVITY OF LESS THAN 0.94
3902,39,POLYPROPYLENE
3903,39,POLYSTYRENE
3904,39,POLYVINYL CHLORIDE
3905,39,POLYMERS OF VINYL ACETATE
3906,39,POLYMETHYL METHACRYLATE
3907,39,POLYACETALS
3908,39,POLYAMIDE-6
3909,39,UREA RESINS
3910,39,SILICONES IN PRIMARY FORMS
3911,39,PETROLEUM RESINS
3912,39,CELLULOSE ACETATES
3913,39,ALGINIC ACID
3914,39,CROSS-LINKED POLYVINYLBENZYLTRIMETHYLAMMONIUM CHLORIDE (CHOLESTYRAMINE RESIN USP)
3915,39,WASTE
3916,39,RODS
3917,39,ARTIFICIAL GUTS (SAUSAGE CASINGS) OF CELLULOSIC PLASTICS MATERIALS
3918,39,FLOOR COVERINGS OF VINYL TILE CONSISTING OF A RIGID SOLID POLYMER CORE
3919,39,PAVEMENT MARKING TAPE IN ROLLS NOT EXCEEDING 20 CM WIDE
3920,39,OTHER PLATES
3921,39,PLATES
3922,39,BATHS
3923,39,BOXES
3924,39,SALT
3925,39,RESERVOIRS
3926,39,OFFICE OR SCHOOL SUPPLIES OF PLASTICS OR OF OTHER MATERIALS OF HEADINGS 3901 TO 3914
4001,40,NATURAL RUBBER LATEX
4002,40,LATEX OF STYRENE-BUTADIENE RUBBER (SBR); CARBOXYLATED STYRENE-BUTADIENE RUBBER (XSBR)
4003,40,RECLAIMED RUBBER IN PRIMARY FORMS OR IN PLATES
4004,40,WASTE
4005,40,COMPOUNDED RUBBER
4006,40,CAMEL-BACK STRIPS FOR RETREADING RUBBER TIRES
4007,40,VULCANIZED RUBBER THREAD AND CORD
4008,40,PLATES
4009,40,TUBES
4010,40,CONVEYOR BELTS AND BELTING OF VULCANIZED RUBBER
4011,40,RADIAL TIRES HAVING A RIM DIAMETER OF 33.02 CM (13 INCHES) OR LESS OF A KIND USED ON MOTOR CARS (INCLUDING STATION WAGONS AND RACING CARS
4012,40,RETREADED TIRES
4013,40,INNER TUBES
4014,40,SHEATH CONTRACEPTIVES
4015,40,MEDICAL GLOVES
4016,40,OTHER ARTICLES OF VULCANIZED RUBBER OTHER THAN HARD RUBBER
4017,40,HARD RUBBER (FOR EXAMPLE
4101,41,HIDES AND SKINS OF BOVINE ANIMALS
4102,41,SHEEP OR LAMB SKINS WITH WOOL ON
4103,41,REPTILE RAW SKINS
4104,41,BOVINE UPPER LEATHER
4105,41,SHEEP OR LAMB SKIN LEATHER
4106,41,GOAT OR KID TANNED SKINS
4107,41,BOVINE  UPPER LEATHER WHOLE FULL GRAINS
4112,41,SHEEP OR LAMB SKIN GARMENT LEATHER
4113,41,GOAT OR KIDSKIN LEATHER
4114,41,CHAMOIS (INCLUDING COMBINATION CHAMOIS) LEATHER
4115,41,COMPOSITION LEATHER WITH A BASIS OF LEATHER OR LEATHER FIBER
4201,42,DOG LEASHES
4202,42,ATTACHE CASES
4203,42,ARTICLES OF APPAREL
4205,42,BELTING LEATHER CUT OR WHOLLY OR PARTLY MANUFACTURED INTO SHAPES SUITABLE FOR CONVERSION INTO BELTING
4206,42,ARTICLES OF CATGUT
4301,43,FURSKINS OF WILD MINK
4302,43,KOLINSKY MINK FURSKINS
4303,43,MINK FURSKIN ARTICLES OF APPAREL AND CLOTHING ACCESSORIES
4304,43,ARTIFICIAL FUR AND ARTICLES THEREOF
4401,44,FUEL WOOD
4402,44,WOOD CHARCOAL (INCLUDING SHELL OR NUT CHARCOAL)
4403,44,WOOD TELEPHONE
4404,44,FENCE PICKETS
4405,44,WOOD WOOL (EXCELSIOR); WOOD FLOUR
4406,44,RAILWAY OR TRAMWAY SLEEPERS (CROSS-TIES) OF CONIFEROUS WOOD
4407,44,PINE (PINUS)
4408,44,VENEER SHEETS AND SHEETS FOR PLYWOOD AND OTHER WOOD SAWN LENGTHWISE
4409,44,WOOD
4410,44,PARTICLE BOARD
4411,44,FIBERBOARD OF WOOD OR OTHER LIGNEOUS MATERIALS
4412,44,PLYWOOD OF BAMBOO
4413,44,DENSIFIED WOOD
4414,44,TROPICAL WOOD FRAMES FOR PAINTINGS
4415,44,PACKING BOXES AND CASES WITH SOLID SIDES
4416,44,CASKS
4417,44,BROOM AND MOP HANDLES
4418,44,WINDOWS
4419,44,BREADBOARDS
4420,44,STATUETTES AND OTHER ORNAMENTS OF TROPICAL WOOD
4421,44,CLOTHES HANGERS
4501,45,NATURAL CORK
4502,45,NATURAL CORK
4503,45,CORKS AND STOPPERS OF NATURAL CORK
4504,45,VULCANIZED SHEETS AND SLABS WHOLLY OF GROUND OR PULVERIZED CORK AND RUBBER
4601,46,MATS
4602,46,FISHING BASKETS OR CREELS OF BAMBOO
4701,47,MECHANICAL WOODPULP
4702,47,CHEMICAL WOODPULP
4703,47,CHEMICAL WOODPULP
4704,47,CHEMICAL WOODPULP
4705,47,WOOD PULP OBTAINED BY A COMBINATION OF MECHANICAL AND CHEMICAL PULPING PROCESSES
4706,47,COTTON LINTERS PULP
4707,47,WASTE AND SCRAP OF UNBLEACHED KRAFT PAPER OR PAPERBOARD OR OF CORRUGATED PAPER OR PAPERBOARD
4801,48,NEWSPRINT PAPER
4802,48,HANDMADE PAPER AND PAPERBOARD
4803,48,CELLULOSE WADDING IN ROLLS OF A WIDTH EXCEEDING 36 CM OR IN RECTANGULAR (INCL SQUARE) SHEETS WITH AT LEAST ONE SIDE EXCEEDING 36 CM IN THEUNFOLD STATE
4804,48,KRAFTLINER
4805,48,SEMICHEMICAL FLUTING PAPER (CORRUGATING MEDIUM)
4806,48,VEGETABLE PARCHMENT PAPER
4807,48,PAPER AND PAPERBOARD
4808,48,CORRUGATED PAPER AND PAPERBOARD
4809,48,SELF-COPY WRITING PAPER
4810,48,BASIC PAPER TO BE SENSITIZED FOR USE IN PHOTOGRAPHY
4811,48,PAPER AND PAPERBOARD COATED OR IMPREGNATED WITH TAR
4812,48,FILTER BLOCKS
4813,48,CIGARETTE PAPER IN THE FORM OF BOOKLETS OR TUBES
4814,48,WALLPAPER & SIMILAR WALLCOVERINGS CONSISTING OF PAPER COATED OR COVERED ON FACE SIDE WITH A GRAINED/EMBOSSED OR OTHWISE DECORATED LAYER OF PLASTICS
4816,48,SELF-COPY PAPER
4817,48,ENVELOPES OF PAPER OR PAPERBOARD
4818,48,TOILET PAPER
4819,48,SANITARY FOOD AND BEVERAGE CONTAINERS OF CORRUGATED PAPER OR PAPERBOARD
4820,48,DIARIES AND ADDRESS BOOKS
4821,48,PAPER AND PAPERBOARD LABELS OF ALL KINDS PRINTED IN WHOLLY OR IN PART BY A LITHOGRAPHIC PROCESS
4822,48,BOBBINS
4823,48,PAINT FILTERS AND STRAINERS OF PAPER AND PAPERBOARD
4901,49,REPRODUCTION PROOFS
4902,49,NEWSPAPERS
4903,49,CHILDREN'S PICTURE
4904,49,SHEET MUSIC
4905,49,MAPS AND HYDROGRAPHIC OR SIMILAR CHARTS OF ALL KINDS
4906,49,PLANS AND DRAWINGS FOR ARCHITECTURAL
4907,49,UNUSED POSTAGE; STAMP-IMPRESSED PAPER; BANKNOTES; CHECK FORMS; STOCK
4908,49,TRANSFERS (DECALOMANIAS)
4909,49,POSTCARDS
4910,49,CALENDARS OF ANY KIND
4911,49,PRINTED CATALOGS RELATING PRINCIPALLY TO CURRENT OFFERS FOR THE SALE OF UNITED STATES PRODUCTS
5001,50,SILKWORM COCOONS SUITABLE FOR REELING
5002,50,RAW SILK (NOT THROWN)
5003,50,SILK WASTE (INCLUDING COCOONS UNSUITABLE FOR REELING
5004,50,SILK YARN (OTHER THAN YARN SPUN FROM SILK WASTE) NOT PUT UP FOR RETAIL SALE
5005,50,SILK YARN
5006,50,SILK YARN AND YARN SPUN FROM SILK WASTE
5007,50,WOVEN FABRICS OF SILK OR OF SILK WASTE: FABRICS OF NOIL SILK: CONTAINING 85 PERCENT OR MORE BY WEIGHT OF SILK OR SILK WASTE; MORE THAN 127 CM IN WIDTH
5101,51,SHORN WOOL
5102,51,FINE OR COARSE ANIMAL HAIR OF CASHMERE GOATS: NOT CARDED OR COMBED
5103,51,WASTE OF WOOL OR OF FINE OR COARSE ANIMAL HAIR
5104,51,GARNETTED STOCK OF WOOL OR OF FINE OR COARSE ANIMAL HAIR
5105,51,WOOL AND FINE OR COARSE ANIMAL HAIR
5106,51,YARN OF CARDED WOOL
5107,51,YARN OF COMBED WOOL
5108,51,YARN OF FINE ANIMAL HAIR (CARDED OR COMBED)
5109,51,YARN
5110,51,YARN OF COARSE ANIMAL HAIR OR OF HORSEHAIR (INCLUDING GIMPED HORSEHAIR YARN)
5111,51,CARDED HANDWOVEN FABRIC
5112,51,COMBED WOVEN FABRIC
5113,51,WOVEN FABRICS OF COARSE ANIMAL HAIR OR OF HORSEHAIR
5202,52,COTTON WASTE: YARN WASTE (INCLUDING THREAD WASTE)
5203,52,COTTON
5204,52,COTTON SEWING THREAD
5205,52,COTTON YARN (OTHER THAN SEWING THREAD)
5206,52,COTTON YARN (OTHER THAN SEWING THREAD) 85% LESS BY WGT OF COTTON
5207,52,COTTON YARN (OTHER THAN SEWING THREAD) PUT UP FOR RETAIL SALE CONTAINING 85% OR MORE BY WEIGHT OF COTTON
5208,52,WOV FABRICS OF COTTON CONTG 85% OR MORE BY WT OF COTTON WEIGHING NOT MORE THAN 100 G/M2 UNBLCHD PLAIN WEAVE OF NUMBER 42 OR LOWER POPLIN OR BROADCLOTH
5209,52,WOVEN FABRIC OF COTTON CONTAINING >= 85% BY WEIGHT OF COTTON
5210,52,WOV FAB OF COTTON CONTG <85% BY WT OF COTTON
5211,52,WOVEN FABRIC OF COTTON CONTAINING < 85% BY WEIGHT OF COTTON
5212,52,UNBLEACHED WOVEN FABRIC
5301,53,FLAX
5302,53,TRUE HEMP
5303,53,JUTE & OTHER TEXTILE BAST FIBERS
5305,53,COCONUT
5306,53,FLAX YARN: SINGLE
5307,53,YARN OF JUTE OR OTHER TEXTILE BAST FIBERS (EXC FLAX
5308,53,YARN OF OTHER VEGETABLE TEXTILE FIBERS: COIR YARN
5309,53,UNBLEACHED OR BLEACHED WOVEN FABRICS
5310,53,UNBLEACHED WOVEN FABRICS OF JUTE
5311,53,WOVEN FABRICS OF OTHER NON-COTTON VEGETABLE TEXTILE FIBERS
5401,54,SEWING THREAD OF MAN-MADE FILAMENTS
5402,54,SYN. FILAMENT YARN: SINGLE
5403,54,ARTIFICIAL FILAMENT YARN: SINGLE HIGH TENACITY MONOFILAMENT
5404,54,SYNTHETIC MONOFILAMENT OF 67 DECITEX OR MORE AND OF WHICH NO CROSS-SECTIONAL DIMENSION EXCEEDS 1MM: MONOFILAMENT: ELASTOMERIC
5405,54,ARTIFICIAL MONOFILAMENT OF 67 DECITEX OR MORE AND OF WHICH NO CROSS-SECTIONAL DIMENSION EXCEEDS 1MM: MONOFILAMENT
5406,54,MAN-MADE FILAMENT YARN (OTHER THAN SEWING THREAD)
5407,54,WOVEN FABRICS OF SYNTHETIC FILAMENT YARN; WOVEN FABRIC OF HIGH TENACITY YARNS
5408,54,WOVEN FABRICS OF ARTIFICIAL FILAMENT YARN
5501,55,SYNTHETIC FILAMENT TOW OF ARAMIDS
5502,55,ARTIFICIAL FILAMENT TOW OF CELLULOSE ACETATE
5503,55,SYNTHETIC STAPLE FIBERS
5504,55,ARTIFICIAL STAPLE FIBERS
5505,55,WASTE (INCLUDING NOILS
5506,55,SYNTHETIC STAPLE FIBERS
5507,55,ARTIFICIAL STAPLE FIBERS
5508,55,SEWING THREAD OF MAN-MADE STAPLE FIBERS
5509,55,YARN (OT THAN SEWING THREAD) OF SYNTHETIC STAPLE FIBERS NOT PUT UP FOR RETAIL SALE >=85% BY WT OF STAPLE FIBERS OF NYLON OR OTH POLYAMIDES SINGLE YRN
5510,55,YARN (NOT SEWING THREAD) OF ARTIFICIAL STAPLE FIBERS NOT FOR RETAIL SALE CONTG >=85% WEIGHT OF ARTIFICIAL STAPLE FIBERS SINGLE YARN
5511,55,YARNS
5512,55,WOVEN FABRICS OF SYNTHETIC STAPLE FIBERS
5513,55,UNBLEACHED OR BLEACHED PLAIN WEAVE POPLIN OR BROADCLOTH
5514,55,UNBLEACHED OR BLEACHED POPLIN OR BROADCLOTH
5515,55,FABRIC
5516,55,WOVEN FABRICS OF ARTIFICIAL STAPLE FIBERS: UNBLEACHED OR BLEACHED PLAIN WEAVE FABRIC
5601,56,WADDING OF TEXTILE MATERIALS; TEXTILE FIBERS NOT EXCEEDING 5MM IN LENGTH; WADDING
5602,56,FELT
5603,56,NON-WOVEN FABRICS OF MAN-MADE FILAMENTS
5604,56,RUBBER THREAD AND CORD
5605,56,METAL COATED OR METAL LAMINATED MAN-MADE FILAMENT OR STRIP OF THE LIKE
5606,56,GIMPED YARN
5607,56,TWINE
5608,56,KNOTTED NETTING OF TWINE
5609,56,OTHER ARTICLES OF YARN
5701,57,CARPETS AND OTHER TEXTILE FLOOR COVERINGS
5702,57,WOVEN CARPETS AND OTHER TEXTILE FLOOR COVERINGS
5703,57,CARPETS AND OTHER TEXTILE FLOOR COVERINGS
5704,57,CARPETS AND FLOOR COVERINGS TILES
5705,57,OTHER CARPETS AND TEXTILE FLOOR COVERINGS
5801,58,WOVEN PILE FABRICS AND CHENILLE FABRICS
5802,58,TERRY TOWELING & SIMILAR WOVEN TERRY FABRICS
5803,58,GAUZE
5804,58,TULLES AND OTHER NET FABRICS
5805,58,HAND-WOVEN TAPESTRIES OF THE GOBELINS
5806,58,NARROW WOVEN FABRICS
5807,58,LABELS IN THE PIECE
5808,58,BRAIDS & ORNAMENTAL TRIMMINGS IN THE PIECE
5809,58,WOVEN FABRIC OF METAL THREAD AND METALIZED YARN OF HEADING 5605
5810,58,EMBROIDERY IN THE PIECE
5811,58,QUILTED TEXTILE PRODUCTS IN THE PIECE
5901,59,TEXTILE FABRICS COATED WITH GUM OR AMYLACOUS SUBSTANCES
5902,59,TIRE CORD FABRIC
5903,59,TEXTILE FABRICS
5904,59,LINOLEUM
5905,59,TEXTILE WALL COVERINGS
5906,59,RUBBERIZED TEXTILE FABRICS
5907,59,LAMINATED FABRICS OF MAN-MADE FIBERS FOR THEATRICAL
5908,59,TEXTILE WICKS
5909,59,TEXTILE HOSEPIPING AND SIMILAR TEXTILE TUBING
5910,59,TRANSMISSION OR CONVEYOR BELTS OR BELTING
5911,59,TEXTILE PRODUCTS AND ARTICLES
6001,60,LONG PILE FABRIC
6002,60,KNITTED OR CROCHETED COTTON FABRICS
6003,60,OPEN WORK FABRICS
6004,60,OPEN-WORK FIGURED FABRICS
6005,60,WARP KNIT FABRICS (INCLUDING THOSE MADE ON GALLOON KNITTING MACHINES) OF UNBLEACHED OR BLEACHED COTTON
6006,60,OTHER KNITTED OR CROCHETED FABRICS OF WOOL OR FINE ANIMAL HAIR
6101,61,MEN'S OR BOYS' OVERCOATS
6102,61,WOMEN'S OR GIRLS' OVERCOATS
6103,61,MEN'S OR BOYS' SUITS
6104,61,WOMEN'S OR GIRLS' SUITS
6105,61,MEN'S SHIRTS
6106,61,WOMEN'S BLOUSES AND SHIRTS
6107,61,MEN'S UNDERPANTS AND BRIEFS
6108,61,WOMEN'S SLIPS AND PETTICOATS
6109,61,MEN'S OR BOYS' COTTON T-SHIRTS
6110,61,MEN'S SWEATERS
6111,61,BABIES GARMENTS AND CLOTHING ACCESSORIES
6112,61,MEN'S OR BOYS' TRACK SUITS
6113,61,MEN'S OR BOYS' COATS AND JACKETS
6114,61,MEN'S OR BOYS' OTHER GARMENTS
6115,61,SURGICAL STOCKINGS AND PANTY HOSE WITH GRADUATED COMPRESSION FOR ORTHOPEDIC TREATMENT
6116,61,GLOVES
6117,61,OTHER MADE UP CLOTHING ACCESSORIES
6201,62,MEN'S OVERCOATS
6202,62,WOMEN'S OVERCOATS
6203,62,MEN'S OR BOYS' SUITS
6204,62,WOMEN'S OR GIRLS' SUITS
6205,62,MEN'S OR BOYS' SHIRTS
6206,62,WOMEN'S OR GIRLS' BLOUSES
6207,62,MEN'S OR BOYS' UNDERPANTS AND BRIEFS
6208,62,WOMEN'S OR GIRLS' SLIPS AND PETTICOATS
6209,62,BABIES' GARMENTS AND CLOTHING ACCESSORIES: DRESSES
6210,62,GARMENTS
6211,62,MEN'S SWIMWEAR
6212,62,BRASSIERES
6213,62,HANDKERCHIEFS
6214,62,SHAWLS
6215,62,TIES
6216,62,GLOVES
6217,62,HEADBANDS
6301,63,BLANKETS AND TRAVELING RUGS: ELECTRIC BLANKETS
6302,63,BED LINEN
6303,63,WINDOW SHADES AND WINDOW BLINDS OF SYNTHETIC FIBERS
6304,63,OTHER FURNISHING ARTICLES
6305,63,SACKS AND BAGS
6306,63,TARPAULINS
6307,63,BAR MOPS
6308,63,NEEDLECRAFT SETS CONSISTING OF WOVEN FABRIC AND YARN
6309,63,WORN CLOTHING AND OTHER WORN ARTICLES: WORN CLOTHING
6310,63,SORTED USED OR NEW RAGS
6401,64,WATERPROOF FOOTWEAR WITH OUTER SOLES AND UPPERS OF RUBBER OR PLASTICS: FOOTWEAR INCORPORATING A PROTECTIVE METAL TOE-CAP
6402,64,SKI-BOOTS
6403,64,FOOTWEAR WITH OUTER SOLES OF RUBBER PLASTICS LEATHER COMPOSITION LEATHER AND UPPERS OF LEATHER: SPORTS FTWR: SKI-BOOTS/CROSS-CTY SKI FTWR: WELT FOOTWR
6404,64,FOOTWEAR WITH UPPERS OF TEX MATLS AND OUTER SOLES RUB/PLAS: SPORT FTWR; TENNIS
6405,64,FOOTWEAR WITH UPPERS OF LEATHER OR COMPOSITION LEATHER FOR MEN
6406,64,PARTS OF FOOTWEAR FORMED UPPERS OTHER THAN STIFFENERS
6501,65,HAT FORMS
6502,65,HAT SHAPES
6504,65,HATS AND OTHER HEADGEAR
6505,65,HAIR-NETS
6506,65,OTHER HEADGEAR
6507,65,HEADBANDS
6601,66,UMBRELLAS
6602,66,WALKING-STICKS
6603,66,UMBRELLA FRAMES FOR HAND-HELD UMBRELLAS CHIEFLY USED FOR PROTECTION AGAINST RAIN
6701,67,ARTICLES OF FEATHERS OR DOWN
6702,67,ARTIFICAL FLOWERS OF PLASTICS ASSEMBLED BY BINDING WITH FLEXIBLE MATERIALS SUCH AS WIRE
6703,67,HUMAN HAIR
6704,67,WIGS
6801,68,SETTS
6802,68,TILES CUBES A SIMLR ARTCLS LRGST SURF AREA CAPL O BNG ENCL I A SQ THESDE O WHCH LSS THN 7CM; ARTFCLLY CLRD GRNLS CHPPGS A POWDER
6803,68,ROOFING SLATE
6804,68,MILLSTONES AND GRINDSTONES FOR MILLING
6805,68,ABRASIVE ARTICLES ON A BASE OF WOVEN TEXTILE FABRIC ONLY
6806,68,ACCOUSTICAL PADS AND BOARDS OF MINERAL WOOLS AND SIMILAR
6807,68,ARTICLES OF ASPHALT OR SIMILAR MATERIALS IN ROLLS
6808,68,PANELS BRDS TILES BLCKS A SMLR ARTCLS OF VEG FBR STRW O SHVNGS CHPS PRTCLS SWDST ETC AGGLM W CEMNT PLSTR O OTHR MINRL BNDRS
6809,68,GYPSUM PLASTER BOARDS
6810,68,MAGNESIA CARBON BRICKS CONTAINING BY WGT GT 70% MGO
6811,68,ARTICLES CONTAINING ASBESTOS
6812,68,CROCIDOLITE FOOTWEAR
6813,68,BRAKE LININGS AND PADS FOR USE IN CIVIL AIRCRAFT
6814,68,PLATES SHEET AND STRIPS OF AGGLOMERATED OR RECONSTITUTED MICA
6815,68,CARBON FIBERS
6901,69,BRICKS
6902,69,MAGNESITE BRICKS
6903,69,OTHER REFRACTORY CERAMIC GOODS (RETORTS
6904,69,SOLID BUILDING BRICKS
6905,69,ROOFING TILES
6906,69,CERAMIC PIPES
6907,69,UNGLAZED CERAMIC TILES
6909,69,MACHINERY PARTS OF PORCELAIN OR CHINA
6910,69,WATER CLOSET BOWLS
6911,69,HOTEL AND RESTAURANT TABLEWARE AND KITCHENWARE OF PORCELAIN OR CHINA
6912,69,TABLEWARE AND KITCHENWARE OF EARTHENWARE WITH A REDDISH-COLORED BODY AND A LUSTROUS GLAZE WHICH
6913,69,STATUES
6914,69,CERAMIC FERRULES OF PROCELAIN OR CHINA
7001,70,GLASS IN THE MASS
7002,70,GLASS IN BALLS (OTHER THAN MICROSPHERES OF HEADING 7018) NOT OVER 6MM IN DIAMETER
7003,70,CAST GLASS & ROLLED GLASS
7004,70,DRAWN GLASS AND BLOWN GLASS
7005,70,FLOAT GLASS AND SURFACE GROUND OR POLISHED GLASS
7006,70,GLASS STRIPS NOT OVER 15.2CM WIDE
7007,70,TOUGHENED (TEMPERED) SAFETY GLASS
7008,70,MULTIPLE-WALLED INSULATING UNITS OF GLASS
7009,70,REAR-VIEW MIRRORS FOR VEHICLES
7010,70,AMPOULES
7011,70,GLASS BULBS WITHOUT FITTINGS
7013,70,GLASS-CERMCS GLASSWRE
7014,70,LENS BLANKS (OTHER THAN FOR SPECTACLES) NOT OPTICALLY WORKED
7015,70,GLASSES FOR CORRECTIVE SPECTACLES
7016,70,GLASS CUBES AND OTHER GLASS SMALLWARES
7017,70,PHARMACEUTICAL GLASSWARE
7018,70,IMITATION PEARLS
7019,70,CHOPPED STRANDS OF GLASS FIBERS
7020,70,OTHER ARTICLES OF GLASS
7101,71,NATURAL PEARLS GRADED AND TEMPORARILY STRUNG FOR CONVENIENCE OF TRANSPORT
7102,71,DIAMONDS
7103,71,UNWORKED PRECIOUS AND SEMIPRECIOUS STONES
7104,71,PIEZO-ELECTRIC QUARTZ NOT MOUNTED OR SET
7105,71,DIAMOND POWDER OR DUST
7106,71,SILVER POWDER
7107,71,BASE METALS CLAD WITH SILVER
7108,71,GOLD POWDER
7109,71,BASE METALS OR SILVER
7110,71,GRAIN AND NUGGETS OF THE METAL PLATINUM
7111,71,BASE METALS
7112,71,ASH CONTAINING PRECIOUS METAL OR PRECIOUS METAL COMPOUNDS
7113,71,SILVER CHAINS ROPES AND SIMILAR ARTCLES PRDCD IN CONTINUS LNGTHS INCLPLAT OR GLD PLTD
7114,71,KNIVES WITH STERLING SILVER HANDLES WHETHER OR NOT PLATED OR CLAD WI TH GOLD OR PLATINUM
7115,71,CATALYSTS
7116,71,ARTICLES OF NATURAL PEARLS
7117,71,CUFF LINKS AND STUDS OF BASE METAL WHETHER OR NOT PLATED WITH PRECIOUS METAL
7118,71,COIN (OTHER THAN GOLD COIN)
7201,72,NONALLOY PIG IRON CONTAINING 0.5 PERCENT OR LESS PHOSPHORUS
7202,72,FERROMANGANESE OVER 2 PERCENT BUT NOT OVER 4 PERCENT CARBON
7203,72,FERROUS PRODUCTS OBTAINED BY DIRECT REDUCTION OF IRON ORE
7204,72,CAST IRON WASTE AND SCRAP
7205,72,GRANULES
7206,72,IRON AND NONALLOY STEEL INGOTS
7207,72,SEMIFINISHED PRODUCTS OF IRON OR NONALLOY STEEL UNDER 0.25 PERCENT CARBON RECTANGULAR OR SQUARE CROSS-SECTION WIDTH LESS THAN TWICE THE THICKNESS
7208,72,FLAT-ROLLED IRON OR NONALLOY STEEL COILS
7209,72,FLAT-ROLLED IRON OR NONALLOY STEEL COILS
7210,72,FLAT-ROLLED IRON OR NONALLOY STEEL
7211,72,FLAT-ROLLED IRON OR NONALLOY STEEL
7212,72,FLAT-ROLLED IRON OR NONALLOY STEEL
7213,72,CONCRETE REINFORCING BARS AND RODS OF IRON OR NONALLOY STEEL
7214,72,BARS AND RODS OF IRON OR NONALLOY STEEL
7215,72,BARS AND RODS OF FREE-CUTTING STEEL
7216,72,ANGLES
7217,72,FLAT WIRE
7218,72,STAINLESS STEEL INGOTS AND OTHER PRIMARY FORMS
7219,72,FLAT-ROLLED STAINLESS STEEL NOT FURTHER WORKED THAN HOT-ROLLED
7220,72,FLAT-ROLLED
7221,72,STAINLESS STEEL BARS AND RODS
7222,72,BARS AND RODS OF STAINLESS STEEL
7223,72,SPRING ROUND WIRE OF STAINLESS STEEL
7224,72,INGOTS AND OTHER PRIMARY FORMS OF HIGH-NICKEL ALLOY STEEL
7225,72,FLAT-ROLLED PRODUCTS OF SILICON ELECTRICAL STEEL
7226,72,FLAT-ROLLED PRODUCTS OF SILICON ELECTRICAL STEEL
7227,72,BARS AND RODS OF HIGH-SPEED STEEL
7228,72,OTHER BARS AND RODS HIGH-SPEED STEEL NOT COLD-FORMED
7229,72,SILICO-MANGANESE STL WIRE
7301,73,SHEET PILING OF IRON OR STEEL
7302,73,RAILS
7303,73,SOIL PIPE OF CAST IRON
7304,73,LINE PIPE OF A KIND USED FOR OIL OR GAS PIPELINES
7305,73,LINE PIPE FOR OIL/GAS PIPELINE
7306,73,LINEPIPE  FOR OIL/GAS PIPELINES
7307,73,FITTINGS
7308,73,BRIDGES AND BRIDGE SECTIONS OF IRON OR STEEL
7309,73,TANKS
7310,73,REFILLABLE STAINLESS STEEL KEGS OF STATISTICAL NOTE 1
7311,73,SEAMLESS STEEL CONTAINERS FOR COMPRESSED OR LIQUEFIED GAS
7312,73,STRANDED WIRE OF STAINLESS STEEL
7313,73,BARBED WIRE; TWISTED HOOP OR SINGLE FLAT WIRE
7314,73,ENDLESS BANDS FOR MACHINERY
7315,73,ROLLER CHAIN FOR MOTOR VEHICLES
7316,73,ANCHORS
7317,73,THUMB TACKS OF IRON OR STEEL
7318,73,COACH SCREWS
7319,73,SAFETY PINS ON CARDS
7320,73,LEAF SPRINGS AND LEAVES THEREFOR SUITABLE FOR MOTOR VEH SUSPENSION
7321,73,PORTABLE STOVES AND RANGES
7322,73,RADIATORS FOR CENTRAL HEATING AND PARTS THEREOF
7323,73,IRON OR STEEL WOOL; POT SCOURERS AND SCOURING OR POLISHING PADS
7324,73,SINKS OF STAINLESS STEEL WITH ONE OR MORE DRAWN BOWLS (BASINS)
7325,73,MANHOLE COVERS
7326,73,GRINDING BALLS AND SIMILAR ARTICLES FOR MILLS
7402,74,UNREFINED COPPER
7403,74,REFINED COPPER CATHODES AND SECTIONS OF CATHODES
7405,74,MASTER ALLOYS OF COPPER CONTAINING BY WEIGHT 5 PERCENT OF MORE BUT NOT MORE THAN 15 PERCENT PHOSPHORUS
7406,74,COPPER POWDERS OF NON-LAMELLAR STRUCTURE
7407,74,HOLLOW PROFILES OF REFINED COPPER
7408,74,REFINED COPPER WIRE WITH A MAXIMUM CROSS-SECTIONAL DIMENSION OVER 9.5MM
7409,74,REFINED COPPER PLATES
7410,74,COPPER FOIL
7411,74,TUBES AND PIPES OF REFINED COPPER
7412,74,FITTINGS
7413,74,STRANDED WIRE
7415,74,NAILS
7418,74,POT SCOURERS AND SCOURING OR POLISHING PADS
7419,74,BRASS PLUMBING GOODS NESOI CAST STAMPED OR FORGED BUT NOT FURTHER WORKED
7501,75,NICKEL MATTES
7502,75,NICKEL
7503,75,NICKEL WASTE AND SCRAP
7504,75,NICKEL POWDERS
7505,75,NICKEL BARS AND RODS NOT ALLOYED COLD-FORMED
7506,75,NICKEL
7507,75,PIPES AND TUBES OF NICKEL
7508,75,CLOTH
7601,76,UNW ALUM NT ALOYD OF UNIFM CROS SECT THROUT IT LNTH LEST CROS SECT DIMNSON NT GREATER THAN 9.5 MM IN COILS
7602,76,RECYCLABLE USED BEVERAGE CONTAINERS
7603,76,ALUMINUM POWDERS OF NON-LAMELLAR STRUCTURE
7604,76,ALUMINUM PROFILES NOT ALLOYED
7605,76,ALUMINUM WIRE NOT ALLOYED OF WHICH THE MAXIMUM CROSS-SECTIONAL DIMENSION EXCEEDS 7 MM
7606,76,ALUMINUM PLATES SHEETS AND STRIP RECTANGULAR INCLUDING SQUARE NOT ALLOYED NOT CLAD WITH THICKNESS OF MORE THAN 6.3MM
7607,76,ALUMINUM FOIL OF A THICKNESS NOT EXCEEDING 0.01MM NOT BACKED
7608,76,ALUMINUM TUBES AND PIPES NOT ALLOY
7609,76,ALUMINUM TUBE OR PIPE FITTINGS (COUPLINGS
7610,76,ALUMINUM WINDOWS AND THEIR FRAMES
7611,76,ALUMINUM TANKS WITH CAPACITY EXCEEDING 300 LITERS
7612,76,ALUMINUM COLLAPSIBLE TUBULAR CONTAINERS CAP NT OV 300 LITERS
7613,76,ALUMINUM CONTAINERS FOR COMPRESSED OR LIQUEFID GAS
7614,76,STRANDED WIRE
7615,76,POT SCOURERS
7616,76,ALUMINUM NAILS
7801,78,REFINED LEAD
7802,78,LEAD WASTE AND SCRAP OBTAINED FROM LEAD-ACID STORAGE BATTERIES
7804,78,LEAD SHEETS
7806,78,LEAD BARS RODS PROFILES AND WIRE
7901,79,ZINC
7902,79,ZINC WASTE AND SCRAP
7903,79,ZINC DUST
7904,79,ZINC BARS
7905,79,ZINC PLATES
7907,79,ZINC ARTICLES USED FOR HOUSEHOLD
8001,80,TIN
8002,80,TIN WASTE AND SCRAP
8003,80,TIN BARS
8007,80,TIN ARTICLES NESOI SUITABLE FOR FOOD OR BEVERAGE SERVICE NOT PRECIOUSMETAL PLATED
8101,81,TUNGSTEN (WOLFRAM) POWDERS
8102,81,MOLYBDENUM POWDERS
8103,81,TANTALUM POWDERS
8104,81,UNWROUGHT MAGNESIUM
8105,81,UNWROUGHT COBALT ALLOYS
8106,81,BISMUTH AND ARTICLES THEREOF CONTAINING MORE THAN 99.99% BISMUTH
8108,81,SPONGE
8109,81,UNWROUGHT ZIRCONIUM POWDERS CONTAINING LESS THAN 1 PART HAFNIUM TO 500 PARTS ZIRCONIUM BY WEIGHT
8110,81,UNWROUGHT ANTIMONY; POWDERS
8111,81,MANGANESE WASTE AND SCRAP
8112,81,OTHER UNWROUGHT BERYLLIUM; BERYLLIUM POWDERS
8113,81,CERMETS AND ARTICLES THEREOF
8201,82,SPADES AND SHOVELS AND PARTS THEREOF OF BASE METAL
8202,82,HANDSAWS AND PARTS EXCEPT BLADES
8203,82,FILES
8204,82,OPEN-END
8205,82,DRILLING
8206,82,TOOLS OF 2 OR MORE OF HEADINGS 8202 TO 8205
8207,82,ROCK DRILLING OR EARTH BORING TOOLS WITH WORKING PART OF CERMETS
8208,82,KNIVES AND CUTTING BLADES FOR METAL SHEARING MACHINES OVER 30.5 5CM LONG OR OVER 15.2CM DIAMETER FOR METAL SHEARING/SPLITTING MACHS
8209,82,PLATES
8210,82,HAND-OPERATED MECHANICAL APPLIANCES 10KG OR LESS FOR PREPARATION
8211,82,SETS OF ASSORTED KNIVES AND BLADES AND BASE METAL PARTS THEREOF EXCEPT KNIVES OF 8208
8212,82,RAZORS
8213,82,SCISSORS
8214,82,PAPER KNIVES
8215,82,SETS OF ASSORTED TABLEWARE
8301,83,PADLOCKS
8302,83,HINGES AND PARTS THEREOF
8303,83,ARMORED OR REINFORCED SAFES
8304,83,DESK-TOP FILING OR CARD-INDEX CABINETS
8305,83,RING BINDER MECHANISMS FOR LOOSELEAF BINDERS
8306,83,BELLS
8307,83,FLEXIBLE TUBING OF IRON OR STEEL
8308,83,HOOKS
8309,83,CROWN CORKS (INCLUDING CROWN SEALS AND CAPS)
8310,83,SIGN PLATES
8311,83,COATED ELECTRODES OF BASE METAL
8401,84,NUCLEAR REACTORS
8402,84,WATERTUBE BOILERS WITH A STEAM PRODUCTION EXCEEDING 45 T PER HOUR
8403,84,CENTRAL HEATING BOILERS
8404,84,ECONOMIZERS FOR USE WITH BOILERS OF HEADING 8402 OR 8403
8405,84,PRODUCER GAS
8406,84,STEAM TURBINES FOR MARINE PROPULSION
8407,84,SPARK-IGNITION RECIPROCATING OR ROTARY INTERNAL COMBUSTION PISTON ENGINES FOR CIVIL AIRCRAFT
8408,84,COMPRESSION-IGNITION INTERNAL COMBUSTION PISTON ENGINES FOR MARINE PROPULSION
8409,84,PARTS FOR SPARK-IGNITION OR COMPRESSION-IGNITION INTERNAL COMBUSTION PISTON ENGINES FOR USE IN CIVIL AIRCRAFT
8410,84,HYDRAULIC TURBINES AND WATER WHEELS OF A POWER NOT EXCEEDING 1
8411,84,TURBOJET TURBINES (ENGINES)
8412,84,MISSILE AND ROCKET REACTION ENGINES
8413,84,PUMPS FOR DISPENSING FUEL OR LUBRICANTS
8414,84,VACUUM PUMPS
8415,84,AIR-CONDITIONERS
8416,84,FURNACE BURNERS FOR LIQUID FUEL
8417,84,FURNACES & OVENS FOR ROASTING
8418,84,REFRIGERATOR-FREEZERS COMBINED
8419,84,INSTANTANEOUS GAS WATER HEATERS
8420,84,TEXTILE CALENDERING OR ROLLING MACHINES
8421,84,CREAM SEPARATORS
8422,84,DISHWASHING MACHINES
8423,84,DIGITAL ELECTRONIC TYPE PERSONAL WEIGHING MACHINES
8424,84,FIRE EXTINGUISHERS
8425,84,PULLEY TACKLE AND HOISTS
8426,84,OVERHEAD TRAVELING CRANES ON FIXED SUPPORT
8427,84,TRUCKS
8428,84,PASSENGER OR FREIGHT ELEVATORS OTHER THAN CONTINUOUS ACTION; SKIP HOISTS
8429,84,BULLDOZERS AND ANGLEDOZERS
8430,84,PILE-DRIVERS AND PILE-EXTRACTORS
8431,84,PARTS OF PULLEY TACKLE AND HOISTS OTHER THAN SKIP HOISTS OR HOISTS OF A KIND USED FOR RAISING VEHICLES
8432,84,MOLDBOARD PLOWS EXCEPT LISTERS
8433,84,ELECTRIC MOWERS
8434,84,MILKING MACHINES
8435,84,PRESSES
8436,84,MACHINERY FOR PREPARING ANIMAL FEEDS
8437,84,MACHINES FOR CLEANING
8438,84,BAKERY MACHINERY
8439,84,MACHINERY FOR MAKING PULP OF FIBROUS CELLULOSIC MATERIAL
8440,84,BOOKBINDING MACHINERY
8441,84,CUTTING MACHINES FOR PAPER AND PAPERBOARD
8442,84,PHOTOTYPESETTING AND COMPOSING MACHINES
8443,84,REEL-FED OFFSET PRINTING MACHINERY
8444,84,TEXTURING MACHINES FOR MAN-MADE TEXTILE MATERIALS
8445,84,CARDING MACHINES FOR PREPARING TEXTILE FIBERS
8446,84,POWER LOOMS FOR WEAVING FABRICS OF A WIDTH NOT EXCEEDING 30 CM
8447,84,HOSIERY KNITTING MACHINES
8448,84,DOBBIES AND JACQUARD; CARD REDUCING
8449,84,FINISHING MACHINERY AND PARTS THEREOF FOR FELT OR NONWOVENS
8450,84,WASHING MACHINES
8451,84,DRY-CLEANING MACHINES
8452,84,SEWING MACHINES
8453,84,MACHINES FOR PREPARING
8454,84,CONVERTERS USED IN METALLURGY OR FOUNDRIES
8455,84,TUBE ROLLING MILLS
8456,84,MACHINE TOOLS FOR WORKING METAL
8457,84,MACHINING CENTERS
8458,84,HORIZONTAL LATHES
8459,84,WAY-TYPE UNIT HEAD MACHINES
8460,84,FLAT-SURFACE GRINDING MACHINES
8461,84,SHAPING OR SLOTTING MACHINES
8462,84,CLOSED DIE FORGING MACHINES
8463,84,DRAW-BENCHES FOR BARS
8464,84,SAWING MACHINES FOR WORKING STONE
8465,84,TENONERS
8466,84,TOOL HOLDERS FOR FORMING-TYPE OR CUTTING TYPE DIES
8467,84,GRINDERS
8468,84,HAND-HELD BLOW TORCHES
8470,84,ELECTRONIC CALCULATORS CAPABLE OF OPERATION WITHOUT AN EXTERNAL SOURCE OF POWER
8471,84,PORTABLE DIGTL AUTOMATIC DATA PROCESSING MACHINES
8472,84,DUPLICATING MACHINES
8473,84,PARTS AND ACCESSORIES OF ELECTRONIC CALCULATORS AND CALCULATING MACHINES
8474,84,SORTING
8475,84,MACHINES FOR ASSEMBLING ELECTRIC OR ELECTRONIC LAMPS
8476,84,AUTOMATIC BEVERAGE VENDING MACHINES INCORPORATING HEATING OR REFRIGERATING DEVICES
8477,84,INJECTION-MOLDING MACHINES FOR MANUFACTURING SHOES
8478,84,INDUSTRIAL CIGARETTE-MAKING MACHINES
8479,84,PAVERS
8480,84,MOLDING BOXES FOR METAL FOUNDRY
8481,84,PRESSURE-REDUCING VALVES
8482,84,BALL BEARINGS WITH INTEGRAL SHAFTS HAVING AN OUTSIDE DIAMETER NOT OVER 30 MM
8483,84,CAMSHAFTS AND CRANKSHAFTS FOR MOTORCYCLES WITH SPARK-IGNITION INTERNAL COMBUSTION PISTON ENGINES OR ROTARY ENGINES
8484,84,GASKETS AND SIMILAR JOINTS OF METAL SHEETING COMBINED WITH OTHER MATERIAL OR OF TWO OR MORE LAYERS OF METAL
8485,84,MACHINES FOR ADDITIVE MANUFACTURING BY METAL DEPOSIT
8486,84,MACHINES AND APPARATUS FOR THE MANUFACTURE OF BOULES OR WAFERS
8487,84,SHIPS' PROPELLERS AND BLADES OF COPPER
8501,85,ELECTRIC MOTORS OF AN OUTPUT UNDER 18.65 W
8502,85,GENERATING SETS
8503,85,COMMUTATORS FOR MACHINES IN HEADING 8501 OR 8502
8504,85,BALLASTS FOR DISCHARGE LAMPS OR TUBES
8505,85,ALNICO PERMANENT MAGNETS AND ARTICLES INTENDED TO BECOME PERMANENT MAGNETS AFTER MAGNETIZATION
8506,85,PRIMARY CELLS AND PRIMARY BATTERIES
8507,85,LEAD-ACID STORAGE BATTERIES
8508,85,VACUUM CLEANERS WITH SELF-CONTAINED ELECTRIC MOTOR OF A POWER NOT EXCEEDING 1500W & HAVING A DUST BAG OR OTHER RECEPTACLE CAPACITY NOT EXCEEDING 20 L
8509,85,FOOD BLENDERS
8510,85,ELECTRIC SHAVERS
8511,85,SPARK PLUGS FOR INTERNAL COMBUSTION ENGINES
8512,85,BICYCLE LIGHTING EQUIPMENT
8513,85,FLASHLIGHTS
8514,85,HOT ISOSTATIC PRESSES
8515,85,SOLDERING IRONS AND GUNS
8516,85,ELECTRIC STORAGE WATER HEATERS
8517,85,LINE TELEPHONE SETS WITH CORDLESS HANDSETS
8518,85,MICROPHONES HAVING A FREQUENCY RANGE OF 300 HZ TO 3.4 KHZ WITH DIAMETER NOT EXCEEDING 10MM AND A HEIGHT NOT EXCEEDING 3MM
8519,85,SOUND RECORDING/REPRODUCING APPS OPERATED BY COINS
8521,85,VIDEO PLAYING APPARATUS
8522,85,PICKUP CARTRIDGES FOR USE WITH APPARATUS OF HEADINGS 8519-8521
8523,85,CARDS
8524,85,LIQUID CRYSTAL FLAT PANEL DISPLAY MODULES
8525,85,TELEVISION APPARATUS FOR RECEPTION OF TV SIGNALS RELAYED BY TV SATELLITE SIGNALS
8526,85,RADAR APPARATUS DESIGNED FOR BOAT OR SHIP INSTALLATION
8527,85,POCKET-SIZE RADIO CASSETTE PLAYERS
8528,85,CATHODE-RAY TUBE (CRT) MONITORS OF A KIND USED IN AUTOMATIC DATA PROCESSING SYSTEMS OF HEADING 8471
8529,85,TELEVISION ANTENNAS
8530,85,ELECTRICAL SIGNALING
8531,85,SMOKE DETECTORS
8532,85,FIXED CAPACITORS
8533,85,FIXED CARBON RESISTORS
8534,85,PC
8535,85,FUSES IN CIRCUITS OF 2
8536,85,FUSES
8537,85,MOTOR CONTROL CENTERS
8538,85,BOARDS
8539,85,SEALED BEAM LAMP UNITS
8540,85,CATHODE RAY TV & VIDEO MONITOR TUBES
8541,85,UNMOUNTED CHIPS
8542,85,CONTROLLERS (INCLUDING MICROCONTROLLERS): 8-BIT
8543,85,PARTICLE ACCELERATORS
8544,85,INSULATED WINDING WIRE
8545,85,GRAPHITE ELECTRODES
8546,85,ELECTRICAL INSULATORS OF GLASS
8547,85,CERAMIC INSULATORS TO BE USED IN THE PRODUCTION OF SPARK PLUGS FOR NATURAL GAS-FUELED
8548,85,ELECTRICAL PARTS OF MACHINERY OR APPARATUS NOT SPECIFIED OR INCLUDED ELSEWHERE IN CHAPTER 85
8549,85,LEAD-ACID STORAGE BATTERIES OF A KIND USED FOR STARTING ENGINES
8601,86,RAIL LOCOMOTIVES POWERED FROM AN EXTERNAL SOURCE OF ELECTRICITY
8602,86,DIESEL-ELECTRIC LOCOMOTIVES
8603,86,SELF-PROPELLED RAILWAY OR TRAMWAY COACHES
8604,86,RAILWAY OR TRAMWAY MAINTENANCE OR SERVICE VEHICLES
8605,86,RAILWY/ TRAMWY PASSENGER COACHES
8606,86,RAILWAY/TRAMWAY TANK CARS & THE LIKE
8607,86,TRUCK ASSEMBLIES FOR SELF-PROPELLED RAILWAY OR TRAMWAY LOCOMOTIVES OR ROLLING STOCK
8608,86,RAILWAY TRACK FIXTURES; MECHANICAL SIGNALING
8609,86,CONTAINERS (INCLUDING CONTAINERS FOR THE TRANSPORT OF FLUIDS) SPECIALLY DESIGNED AND EQUIPPED FOR CARRIAGE BY ONE OR MORE MODES OF TRANSPORT
8701,87,TRACTORS
8702,87,BUS-TYPE PASS MTR VEHICLE
8703,87,VEHICLES DESIGNED FOR TRAVELING ON SNOW
8704,87,CAB CHASSIS
8705,87,MOBILE CRANES
8706,87,CHASSIS FITTED WITH ENGINES FOR VEHICLES OF SUBHEADING 8704.21 OR 8704.31
8707,87,BODIES (INCLUDING CABS) FOR PASSENGER AUTOMOBILES OF HEADING 8703
8708,87,STEEL STAMPINGS OF BUMPERS FOR MOTOR VEHICLES OF HEADINGS 8701 TO 8705
8709,87,WORKS TRUCKS FOR USE IN WAREHOUSES
8710,87,ARMORED FIGHTING VEHICLES
8711,87,MOTORCYCLES (INCLUDING MOPEDS) AND CYCLES FITTED WITH AN AUXILIARY MOTOR WITH RECIPROCATING INTERNAL COMBUSTION PISTON ENGINE
8712,87,BICYCLES HAVING BOTH WHEELS NOT EXCEEDING 50 CM IN DIAMETER
8713,87,INVALID CARRIAGES
8714,87,SADDLES AND SEATS OF MOTORCYCLES (INCLUDING MOPEDS)
8715,87,BABY CARRIAGES (INCLUDING STROLLERS)
8716,87,TRAILERS AND SEMI-TRAILERS FOR HOUSING OR CAMPING LESS THAN 10.6M IN LENGTH
8801,88,HANG GLIDERS
8802,88,NEW HELICOPTERS
8804,88,PARACHUTES (INCLUDING DIRIGIBLE PARACHUTES AND PARAGLIDERS) AND ROTOCHUTES; PARTS THEREOF AND ACCESSORIES THERETO
8805,88,AIRCRAFT LAUNCHING GEAR AND PARTS THEREOF; DECK-ARRESTOR OR SIMILAR GEAR AND PARTS THEREOF
8806,88,UNMANNED AIRCRAFT DESIGNED FOR THE CARRIAGE OF PASSENGERS
8807,88,PROPELLERS AND ROTORS AND PARTS THEREOF FOR USE IN CIVIL AIRCRAFT
8901,89,CRUISE SHIPS
8902,89,FISHING VESSELS; FACTORY SHIPS AND OTHER VESSELS FOR PROCESSING OR PRESERVING FISHERY PRODUCTS
8903,89,INFLATABLE VESSELS (EXCLUDES INFLATABLE RAFTS) FOR PLEASURE OR SPORTS
8904,89,TUGS AND PUSHER CRAFT
8905,89,DREDGERS
8906,89,WARSHIPS (INCLUDING SUBMARINES
8907,89,INFLATABLE RAFTS
8908,89,VESSELS & FLOATING STRUCTURES FOR SCRAPPING
9001,90,OPTICAL FIBERS FOR TRANSMISSION OF VOICE
9002,90,OBJECTIVE LENSES AND PARTS FOR CAMERAS
9003,90,FRAMES AND MOUNTINGS OF PLASTICS
9004,90,SUNGLASSES
9005,90,PRISM BINOCULARS FOR USE WITH INFRARED LIGHT
9006,90,CAMERAS DESIGNED FOR UNDERWATER USE
9007,90,CINEMATOGRAPHIC CAMERAS
9008,90,SLIDE PROJECTORS
9010,90,APPARATUS & EQUIPMENT
9011,90,STEREOSCOPIC MICROSCOPES PROVIDED WITH A MEANS FOR PHOTOGRAPHING THE IMAGE
9012,90,MICROSCOPES OTHER THAN OPTICAL MICROSCOPES; DIFFRACTION APPARATUS
9013,90,TELESCOPIC SIGHTS FOR RIFLES NOT DESIGNED FOR USE WITH INFRARED LIGHT
9014,90,OPTICAL INSTRUMENTS AND APPLIANCES FOR AERONAUTICAL OR SPACE NAVIGATION (OTHER THAN COMPASSES)
9015,90,ELECTRICAL RANGEFINDERS
9016,90,ELECTRICAL BALANCES OF A SENSITIVITY OF A 5 CG OR BETTER
9017,90,DRAFTING TABLES AND MACHINES
9018,90,ELECTROCARDIOGRAPHS
9019,90,MECHANO-THERAPY APPLIANCES
9020,90,UNDERWATER BREATHING DEVICES DESIGNED AS A COMPLETE UNIT TO BE CARRIED ON THE PERSON AND NOT REQUIRING ATTENDANTS
9021,90,BONE PLATES
9022,90,COMPUTED TOMOGRAPHY APPARATUS
9023,90,INSTRUMENTS
9024,90,MACHINES AND APPLIANCES FOR TESTING METALS
9025,90,CLINICAL THERMOMETERS LIQUID-FILLED
9026,90,ELECTRICAL FLOW METER FOR MEASURING OR CHECKING THE FLOW OR LEVEL OF LIQUIDS
9027,90,ELECTRICAL GAS OR SMOKE ANALYSIS APPARATUS
9028,90,GAS METERS
9029,90,TAXIMETERS
9030,90,INSTRUMENTS AND APPARATUS FOR MEASURING OR DETECTING IONIZING RADIATIONS
9031,90,MACHINES FOR BALANCING MECHANICAL PARTS
9032,90,THERMOSTATS FOR AIR CONDITIONING
9033,90,LED BCKLIGHT MODULS
9101,91,MOVRMENTS FOR WRIST WATCHES
9102,91,MVTS FOR WRT WATCHES
9103,91,MOVEMENTS FOR TRAVEL CLOCKS
9104,91,MVTS & CASES FOR INSTRUMENT PANEL CLOCKS
9105,91,ALARM CLOCKS
9106,91,TIME REGISTERS; TIME-RECORDERS
9107,91,TIME SWITCHES
9108,91,MVT FOR WATCH MVT
9109,91,CLOCK MOVEMENTS OF ALARM CLOCKS
9110,91,COMPLETE MOVEMENTS OF WATCHES
9111,91,WATCH CASES OF PRECIOUS METAL OR OF METAL CLAD WITH PRECIOUS METAL
9112,91,CLOCK CASES OF METAL
9113,91,WATCH STRAPS
9114,91,CLOCK OR WATCH DIALS NOT EXCEEDING 50MM IN WIDTH
9201,92,UPRIGHT PIANOS
9202,92,STRING MUSICAL INSTRUMENTS PLAYED WITH A BOW
9205,92,BRASS-WIND INSTRUMENTS VALUED NOT OVER $10 EACH
9206,92,DRUMS
9207,92,MUSICAL SYNTHESIZERS VALUED UNDER $100 EACH
9208,92,MUSIC BOXES
9209,92,MUSICAL INSTRUMENTS STRINGS
9301,93,SELF-PROPELLED ARTILLERY WEAPONS (FOR EXAMPLE
9302,93,REVOLVERS
9303,93,MUZZLE-LOADING FIREARMS
9304,93,RIFLES WHICH EJECT MISSLES BY RELEASE OF COMPRESSED AIR OR GAS EXCLUDING THOSE OF HEADING 9307
9305,93,FRAMES AND RECEIVERS OF REVOLVERS OR PISTOLS OF HEADING 9302
9306,93,SHOTGUN CARTRIDGES AND PARTS THEREOF
9307,93,SWORDS
9401,94,SEATS OF A KIND USED FOR AIRCRAFT LEATHER UPHOLSTERED
9402,94,DENTISTS'
9403,94,METAL FILING CABINETS OF A KIND USED IN OFFICES
9404,94,MATTRESS SUPPORTS
9405,94,LED HOUSEHOLD CHANDELIER AND OTHER ELEC CEILING OR WALL LIGHTING FITTINGS
9406,94,PREFABRICATED BUILDINGS OF WOOD
9503,95,INFLATABLE TOY BALLS
9504,95,BILLIARD BALLS
9505,95,CHRISTMAS ORNAMENTS OF GLASS
9506,95,CROSS-COUNTRY SKIS
9507,95,FISHING RODS
9508,95,TRAVELING CIRCUSES
9601,96,WORKED IVORY AND ARTICLES OF IVORY
9602,96,UNFILLED GELATIN CAPSULES
9603,96,WISKBROOMS
9604,96,HAND SIEVES AND HAND RIDDLES
9605,96,TRAVEL SETS FOR PERSONAL TOILET
9606,96,PRESS-FASTENERS
9607,96,SLIDE FASTENERS FITTED WITH CHAIN SCOOPS OF BASE METAL
9608,96,BALL POINT PENS
9609,96,PENCILS AND CRAYONS
9610,96,SLATES AND BOARDS
9611,96,DATE
9612,96,TYPEWRITER RIBBONS LESS THAN 30MM IN WIDTH PERMTLY IN PLASTIC OR METAL CARTG WHETHER OR NOT CONTG SPOOLS
9613,96,POCKET LIGHTERS
9614,96,ROUGHLY SHAPED BLOCKS OF WOOD OR ROOT FOR THE MANUFACTURE OF SMOKING PIPES
9615,96,COMBS
9616,96,SCENT SPRAYERS & SIMILAR TOILET SPRAYERS
9617,96,VACUUM FLASKS & OTHER VACUUM VESSELS HAVING A CAPACITY NOT EXCEEDING 1 LITER
9618,96,TAILORS' DUMMIES & OTHER MANNEQUINS;AUTOMATONS & OTHER ANIMATED DISPLAYS FOR SHOP WINDOW DRESSING
9619,96,SANITARY NAPKINS AND TAMPONS
9620,96,MONOPODS
9701,97,PAINTINGS
9702,97,ORIGINAL ENGRAVINGS
9703,97,ORIGINAL SCULPTURE AND STATUARY
9704,97,POSTAGE OR REVENUE STAMPS
9705,97,ARCHAEOLOGICAL PIECES OF A KIND DESCRIBED IN STATISTICAL NOTE 1 TO THIS CHAPTER
9706,97,SILVERWARE OF AN AGE EXCEEDING 250 YEARS
